Filename,Governing Law-Answer
CybergyHoldingsInc_20140520_10-Q_EX-10.27_8605784_EX-10.27_Affiliate Agreement.pdf,Nevada
EuromediaHoldingsCorp_20070215_10SB12G_EX-10.B(01)_525118_EX-10.B(01)_Content License Agreement.pdf,Ontario
FulucaiProductionsLtd_20131223_10-Q_EX-10.9_8368347_EX-10.9_Content License Agreement.pdf,Florida
GopageCorp_20140221_10-K_EX-10.1_8432966_EX-10.1_Content License Agreement.pdf,Nevada
IdeanomicsInc_20160330_10-K_EX-10.26_9512211_EX-10.26_Content License Agreement.pdf,New York
DeltathreeInc_19991102_S-1A_EX-10.19_6227850_EX-10.19_Co-Branding Agreement_ Service Agreement.pdf,New York
EdietsComInc_20001030_10QSB_EX-10.4_2606646_EX-10.4_Co-Branding Agreement.pdf,California
IntegrityMediaInc_20010329_10-K405_EX-10.17_2373875_EX-10.17_Co-Branding Agreement.pdf,Tennessee
MusclepharmCorp_20170208_10-KA_EX-10.38_9893581_EX-10.38_Co-Branding Agreement.pdf,California
TomOnlineInc_20060501_20-F_EX-4.46_749700_EX-4.46_Co-Branding Agreement.pdf,Wales
ConformisInc_20191101_10-Q_EX-10.6_11861402_EX-10.6_Development Agreement.pdf,New York
EtonPharmaceuticalsInc_20191114_10-Q_EX-10.1_11893941_EX-10.1_Development Agreement.pdf,Delaware
FuelcellEnergyInc_20191106_8-K_EX-10.1_11868007_EX-10.1_Development Agreement.pdf,New York
ReedsInc_20191113_10-Q_EX-10.4_11888303_EX-10.4_Development Agreement.pdf,New York
FuseMedicalInc_20190321_10-K_EX-10.43_11575454_EX-10.43_Distributor Agreement.pdf,Ohio
GentechHoldingsInc_20190808_1-A_EX1A-6 MAT CTRCT_11776814_EX1A-6 MAT CTRCT_Distributor Agreement.pdf,Florida
ImineCorp_20180725_S-1_EX-10.5_11275970_EX-10.5_Distributor Agreement.pdf,Indiana
InnerscopeHearingTechnologiesInc_20181109_8-K_EX-10.6_11419704_EX-10.6_Distributor Agreement.pdf,Florida
WaterNowInc_20191120_10-Q_EX-10.12_11900227_EX-10.12_Distributor Agreement.pdf,Texas
EcoScienceSolutionsInc_20171117_8-K_EX-10.1_10956472_EX-10.1_Endorsement Agreement.pdf,Michigan
NakedBrandGroupInc_20150731_POS AM (on S-1)_EX-10.75_9196027_EX-10.75_Endorsement Agreement.pdf,New York
SimplicityEsportsGamingCompany_20181130_8-K_EX-10.1_11444071_EX-10.1_Franchise Agreement.pdf,New York
PareteumCorp_20081001_8-K_EX-99.1_2654808_EX-99.1_Hosting Agreement.pdf,Netherlands
VitalibisInc_20180316_8-K_EX-10.2_11100168_EX-10.2_Hosting Agreement.pdf,California
QuantumGroupIncFl_20090120_8-K_EX-99.2_3672910_EX-99.2_Hosting Agreement.pdf,New York
CerenceInc_20191002_8-K_EX-10.4_11827494_EX-10.4_Intellectual Property Agreement.pdf,Delaware
GarrettMotionInc_20181001_8-K_EX-2.4_11364532_EX-2.4_Intellectual Property Agreement.pdf,New York
RareElementResourcesLtd_20171019_SC 13D_EX-99.4_10897534_EX-99.4_Intellectual Property Agreement.pdf,New York
ArtaraTherapeuticsInc_20200110_8-K_EX-10.5_11943350_EX-10.5_License Agreement.pdf,Iowa
GpaqAcquisitionHoldingsInc_20200123_S-4A_EX-10.6_11951677_EX-10.6_License Agreement.pdf,Ohio
CytodynInc_20200109_10-Q_EX-10.5_11941634_EX-10.5_License Agreement.pdf,New York
VirtuosoSurgicalInc_20191227_1-A_EX1A-6 MAT CTRCT_11933379_EX1A-6 MAT CTRCT_License Agreement.pdf,Maryland
AtnInternationalInc_20191108_10-Q_EX-10.1_11878541_EX-10.1_Maintenance Agreement.pdf,New York
BloomEnergyCorp_20180321_DRSA (on S-1)_EX-10_11240356_EX-10_Maintenance Agreement.pdf,New York
HerImports_20161018_8-KA_EX-10.14_9765707_EX-10.14_Maintenance Agreement.pdf,Nevada
InmodeLtd_20190729_F-1A_EX-10.9_11743243_EX-10.9_Manufacturing Agreement.pdf,Israel
NeuroboPharmaceuticalsInc_20190903_S-4_EX-10.36_11802165_EX-10.36_Manufacturing Agreement_ Supply Agreement.pdf,New York
KitovPharmaLtd_20190326_20-F_EX-4.15_11584449_EX-4.15_Manufacturing Agreement.pdf,Israel
UpjohnInc_20200121_10-12G_EX-2.6_11948692_EX-2.6_Manufacturing Agreement_ Supply Agreement.pdf,Delaware
CcRealEstateIncomeFundadv_20181205_POS 8C_EX-99.(H)(3)_11447739_EX-99.(H)(3)_Marketing Agreement.pdf,Colorado
EmmisCommunicationsCorp_20191125_8-K_EX-10.6_11906433_EX-10.6_Marketing Agreement.pdf,Indiana
TodosMedicalLtd_20190328_20-F_EX-4.10_11587157_EX-4.10_Marketing Agreement_ Reseller Agreement.pdf,Israel
VertexEnergyInc_20200113_8-K_EX-10.1_11943624_EX-10.1_Marketing Agreement.pdf,Alabama
XpresspaGroupInc_20190401_10-K_EX-10.28_11599457_EX-10.28_Marketing Agreement.pdf,New York
FerroglobePlc_20150624_F-4A_EX-10.20_9154746_EX-10.20_Outsourcing Agreement.pdf,Spain
ImperialGardenResortInc_20161028_DRS (on F-1)_EX-10.13_9963189_EX-10.13_Outsourcing Agreement.pdf,Taiwan
ExactSciencesCorp_20180822_8-K_EX-10.1_11331629_EX-10.1_Promotion Agreement.pdf,New York
DovaPharmaceuticalsInc_20181108_10-Q_EX-10.2_11414857_EX-10.2_Promotion Agreement.pdf,[* * *]
VnueInc_20150914_8-K_EX-10.1_9259571_EX-10.1_Promotion Agreement.pdf,Nevada
SigaTechnologiesInc_20190603_8-K_EX-10.1_11695818_EX-10.1_Promotion Agreement.pdf,New York
BravatekSolutionsInc_20170418_8-K_EX-10.1_10205739_EX-10.1_Reseller Agreement.pdf,Virginia
HealthcareIntegratedTechnologiesInc_20190812_8-K_EX-10.1_11776966_EX-10.1_Reseller Agreement.pdf,New York
EhaveInc_20190515_20-F_EX-4.44_11678816_EX-4.44_License Agreement_ Reseller Agreement.pdf,Ontario
IpassInc_20181203_8-K_EX-99.1_11445874_EX-99.1_Reseller Agreement.pdf,California
GpaqAcquisitionHoldingsInc_20200123_S-4A_EX-10.8_11951679_EX-10.8_Service Agreement.pdf,Ohio
IntegrityFunds_20200121_485BPOS_EX-99.E UNDR CONTR_11948727_EX-99.E UNDR CONTR_Service Agreement.pdf,Kansas
ReynoldsConsumerProductsInc_20200121_S-1A_EX-10.22_11948918_EX-10.22_Service Agreement.pdf,Illinois
VerizonAbsLlc_20200123_8-K_EX-10.4_11952335_EX-10.4_Service Agreement.pdf,New York
AlliedEsportsEntertainmentInc_20190815_8-K_EX-10.34_11788308_EX-10.34_Sponsorship Agreement.pdf,California
EcoScienceSolutionsInc_20180406_8-K_EX-10.1_11135398_EX-10.1_Sponsorship Agreement.pdf,Florida
AgapeAtpCorp_20191202_10-KA_EX-10.1_11911128_EX-10.1_Supply Agreement.pdf,United Kingdom
FreezeTagInc_20180411_8-K_EX-10.1_11139603_EX-10.1_Sponsorship Agreement.pdf,Virginia
LohaCompanyltd_20191209_F-1_EX-10.16_11917878_EX-10.16_Supply Agreement.pdf,China
ReynoldsConsumerProductsInc_20191115_S-1_EX-10.18_11896469_EX-10.18_Supply Agreement.pdf,Illinois
WestPharmaceuticalServicesInc_20200116_8-K_EX-10.1_11947529_EX-10.1_Supply Agreement.pdf,Texas
HertzGroupRealtyTrustInc_20190920_S-11A_EX-10.8_11816941_EX-10.8_Trademark License Agreement.pdf,California
ArconicRolledProductsCorp_20191217_10-12B_EX-2.7_11923804_EX-2.7_Trademark License Agreement.pdf,Delaware
MorganStanleyDirectLendingFund_20191119_10-12GA_EX-10.5_11898508_EX-10.5_Trademark License Agreement.pdf,New York
NmfSlfIInc_20200115_10-12GA_EX-10.5_11946987_EX-10.5_Trademark License Agreement.pdf,New York
PalmerSquareCapitalBdcInc_20200116_10-12GA_EX-10.6_11949289_EX-10.6_Trademark License Agreement.pdf,New York
PenntexMidstreamPartnersLp_20150416_S-1A_EX-10.4_9042833_EX-10.4_Transportation Agreement.pdf,Texas
TcPipelinesLp_20160226_10-K_EX-99.12_9454048_EX-99.12_Transportation Agreement.pdf,Michigan
RangeResourcesLouisianaInc_20150417_8-K_EX-10.5_9045501_EX-10.5_Transportation Agreement.pdf,Texas
ZtoExpressCaymanInc_20160930_F-1_EX-10.10_9752871_EX-10.10_Transportation Agreement.pdf,China
AudibleInc_20001113_10-Q_EX-10.32_2599586_EX-10.32_Co-Branding Agreement_ Marketing Agreement_ Investment Distribution Agreement.pdf,Washington
2ThemartComInc_19990826_10-12G_EX-10.10_6700288_EX-10.10_Co-Branding Agreement_ Agency Agreement.pdf,California
EmbarkComInc_19991008_S-1A_EX-10.10_6487661_EX-10.10_Co-Branding Agreement.pdf,California
HealthcentralCom_19991108_S-1A_EX-10.27_6623292_EX-10.27_Co-Branding Agreement.pdf,Ontario
ImpresseCorp_20000322_S-1A_EX-10.11_5199234_EX-10.11_Co-Branding Agreement.pdf,Delaware
EbixInc_20010515_10-Q_EX-10.3_4049767_EX-10.3_Co-Branding Agreement.pdf,New York
InvendaCorp_20000828_S-1A_EX-10.2_2588206_EX-10.2_Co-Branding Agreement.pdf,California
MphaseTechnologiesInc_20030911_10-K_EX-10.15_1560667_EX-10.15_Co-Branding Agreement.pdf,New York
LeadersonlineInc_20000427_S-1A_EX-10.8_4991089_EX-10.8_Co-Branding Agreement.pdf,Pennsylvania
NeoformaInc_19991202_S-1A_EX-10.26_5224521_EX-10.26_Co-Branding Agreement.pdf,Pennsylvania
PaperexchangeComInc_20000322_S-1A_EX-10.4_5202103_EX-10.4_Co-Branding Agreement.pdf,Pennsylvania
RaeSystemsInc_20001114_10-Q_EX-10.57_2631790_EX-10.57_Co-Branding Agreement.pdf,California
RandWorldwideInc_20010402_8-KA_EX-10.2_2102464_EX-10.2_Co-Branding Agreement.pdf,New York
TheglobeComInc_19990503_S-1A_EX-10.20_5416126_EX-10.20_Co-Branding Agreement.pdf,New York
StampscomInc_20001114_10-Q_EX-10.47_2631630_EX-10.47_Co-Branding Agreement.pdf,California
CreditcardscomInc_20070810_S-1_EX-10.33_362297_EX-10.33_Affiliate Agreement.pdf,Delaware
DigitalCinemaDestinationsCorp_20111220_S-1_EX-10.10_7346719_EX-10.10_Affiliate Agreement.pdf,Delaware
LinkPlusCorp_20050802_8-K_EX-10_3240252_EX-10_Affiliate Agreement.pdf,Maryland
SouthernStarEnergyInc_20051202_SB-2A_EX-9_801890_EX-9_Affiliate Agreement.pdf,Germany
SteelVaultCorp_20081224_10-K_EX-10.16_3074935_EX-10.16_Affiliate Agreement.pdf,Virginia
TubeMediaCorp_20060310_8-K_EX-10.1_513921_EX-10.1_Affiliate Agreement.pdf,New York
UsioInc_20040428_SB-2_EX-10.11_1723988_EX-10.11_Affiliate Agreement 2.pdf,Texas
BerkshireHillsBancorpInc_20120809_10-Q_EX-10.16_7708169_EX-10.16_Endorsement Agreement.pdf,Connecticut
GridironBionutrientsInc_20171206_8-K_EX-10.1_10972555_EX-10.1_Endorsement Agreement.pdf,California
LegacyEducationAllianceInc_20141110_8-K_EX-10.9_8828866_EX-10.9_Endorsement Agreement.pdf,Wales
LifewayFoodsInc_20160316_10-K_EX-10.24_9489766_EX-10.24_Endorsement Agreement.pdf,Illinois
PerformanceSportsBrandsInc_20110909_S-1_EX-10.10_7220214_EX-10.10_Endorsement Agreement.pdf,Florida
PharmagenInc_20120803_8-KA_EX-10.1_7693204_EX-10.1_Endorsement Agreement.pdf,Georgia
PrudentialBancorpInc_20170606_8-K_EX-10.4_10474434_EX-10.4_Endorsement Agreement.pdf,Pennsylvania
ArcaUsTreasuryFund_20200207_N-2_EX-99.K5_11971930_EX-99.K5_Development Agreement.pdf,New York
AimmuneTherapeuticsInc_20200205_8-K_EX-10.3_11967170_EX-10.3_Development Agreement.pdf,California
CnsPharmaceuticalsInc_20200326_8-K_EX-10.1_12079626_EX-10.1_Development Agreement.pdf,Texas
ClickstreamCorp_20200330_1-A_EX1A-6 MAT CTRCT_12089935_EX1A-6 MAT CTRCT_Development Agreement.pdf,Florida
CoherusBiosciencesInc_20200227_10-K_EX-10.29_12021376_EX-10.29_Development Agreement.pdf,[]
ElPolloLocoHoldingsInc_20200306_10-K_EX-10.16_12041700_EX-10.16_Development Agreement.pdf,California
EmeraldHealthBioceuticalsInc_20200218_1-A_EX1A-6 MAT CTRCT_11987205_EX1A-6 MAT CTRCT_Development Agreement.pdf,Arizona
HarpoonTherapeuticsInc_20200312_10-K_EX-10.18_12051356_EX-10.18_Development Agreement.PDF,Delaware
IbioInc_20200313_8-K_EX-10.1_12052678_EX-10.1_Development Agreement.pdf,Texas
HfEnterprisesInc_20191223_S-1_EX-10.22_11931299_EX-10.22_Development Agreement.pdf,New York
LegacyEducationAllianceInc_20200330_10-K_EX-10.18_12090678_EX-10.18_Development Agreement.pdf,New York
LiquidmetalTechnologiesInc_20200205_8-K_EX-10.1_11968198_EX-10.1_Development Agreement.pdf,Arizona
NlsPharmaceuticsLtd_20200228_F-1_EX-10.14_12029046_EX-10.14_Development Agreement.pdf,Netherlands
PhasebioPharmaceuticalsInc_20200330_10-K_EX-10.21_12086810_EX-10.21_Development Agreement.pdf,Delaware
RevolutionMedicinesInc_20200117_S-1_EX-10.1_11948417_EX-10.1_Development Agreement.pdf,New York
RitterPharmaceuticalsInc_20200313_S-4A_EX-10.54_12055220_EX-10.54_Development Agreement.pdf,Delaware
VgrabCommunicationsInc_20200129_10-K_EX-10.33_11958828_EX-10.33_Development Agreement.pdf,Hong Kong
ChinaRealEstateInformationCorp_20090929_F-1_EX-10.32_4771615_EX-10.32_Content License Agreement.pdf,China
AlliedEsportsEntertainmentInc_20190815_8-K_EX-10.19_11788293_EX-10.19_Content License Agreement.pdf,California
DataCallTechnologies_20060918_SB-2A_EX-10.9_944510_EX-10.9_Content License Agreement.pdf,United States
GlobalTechnologiesGroupInc_20050928_10KSB_EX-10.9_4148808_EX-10.9_Content License Agreement.pdf,Florida
IdeanomicsInc_20151124_8-K_EX-10.2_9354744_EX-10.2_Content License Agreement.pdf,New York
MidwestEnergyEmissionsCorp_20080604_8-K_EX-10.2_3093976_EX-10.2_Content License Agreement.pdf,California
PacificapEntertainmentHoldingsInc_20051115_8-KA_EX-1.01_4300894_EX-1.01_Content License Agreement.pdf,California
PhoenixNewMediaLtd_20110421_F-1_EX-10.17_6958322_EX-10.17_Content License Agreement.pdf,China
RemarkHoldingsInc_20081114_10-Q_EX-10.24_2895649_EX-10.24_Content License Agreement.pdf,New York
XinhuaSportsEntertainmentLtd_20070221_F-1_EX-99.4_645553_EX-99.4_Content License Agreement.pdf,Hong Kong
WebmdHealthCorp_20050908_S-1A_EX-10.7_1027007_EX-10.7_Content License Agreement.pdf,New York
PrecheckHealthServicesInc_20200320_8-K_EX-99.2_12070169_EX-99.2_Distributor Agreement.pdf,Texas
SmartRxSystemsInc_20180914_1-A_EX1A-6 MAT CTRCT_11351705_EX1A-6 MAT CTRCT_Distributor Agreement.pdf,Texas
StaarSurgicalCompany_20180801_10-Q_EX-10.37_11289449_EX-10.37_Distributor Agreement.pdf,California
ZogenixInc_20190509_10-Q_EX-10.2_11663313_EX-10.2_Distributor Agreement.pdf,New York
ArmstrongFlooringInc_20190107_8-K_EX-10.2_11471795_EX-10.2_Intellectual Property Agreement.pdf,Delaware
GluMobileInc_20070319_S-1A_EX-10.09_436630_EX-10.09_Content License Agreement1.pdf,California
LejuHoldingsLtd_20140121_DRS (on F-1)_EX-10.26_8473102_EX-10.26_Content License Agreement1.pdf,China
LejuHoldingsLtd_20140121_DRS (on F-1)_EX-10.26_8473102_EX-10.26_Content License Agreement2.pdf,China
PapaJohnsInternationalInc_20190617_8-K_EX-10.1_11707365_EX-10.1_Endorsement Agreement.pdf,Delaware
PfHospitalityGroupInc_20150923_10-12G_EX-10.1_9266710_EX-10.1_Franchise Agreement1.pdf,Florida
PlayboyEnterprisesInc_20090220_10-QA_EX-10.2_4091580_EX-10.2_Content License Agreement_ Marketing Agreement_ Sales-Purchase Agreement1.pdf,Illinois
ScansourceInc_20190822_10-K_EX-10.38_11793958_EX-10.38_Distributor Agreement1.pdf,New York
ScansourceInc_20190822_10-K_EX-10.38_11793958_EX-10.38_Distributor Agreement2.pdf,California
BellringBrandsInc_20190920_S-1_EX-10.12_11817081_EX-10.12_Manufacturing Agreement1.pdf,California
SLINGERBAGINC_05_27_2020-EX-10.7-CONSULTING AGREEMENT.PDF,New York
"KIROMICBIOPHARMA,INC_05_11_2020-EX-10.23-CONSULTING AGREEMENT.PDF",Texas
SPHERE3DCORP_06_24_2020-EX-10.12-CONSULTING AGREEMENT.PDF,New York
GLOBALTECHNOLOGIESLTD_06_08_2020-EX-10.16-CONSULTING AGREEMENT.PDF,Florida
EMERALDHEALTHTHERAPEUTICSINC_06_10_2020-EX-4.5-CONSULTING AGREEMENT - DR. GAETANO MORELLO N.D. INC..PDF,Canada
"MEDALISTDIVERSIFIEDREIT,INC_05_18_2020-EX-10.1-CONSULTING AGREEMENT.PDF",Virginia
"DRIVENDELIVERIES,INC_05_22_2020-EX-10.4-CONSULTING AGREEMENT.PDF",California
"ADUROBIOTECH,INC_06_02_2020-EX-10.7-CONSULTING AGREEMENT.PDF",California
PANDIONTHERAPEUTICSHOLDCOLLC_05_22_2020-EX-10.17-CONSULTING AGREEMENT.PDF,Massachusetts
"CORALGOLDRESOURCES,LTD_05_28_2020-EX-4.1-CONSULTING AGREEMENT.PDF",Canada
MRSFIELDSORIGINALCOOKIESINC_01_29_1998-EX-10-FRANCHISE AGREEMENT.PDF,Pennsylvania
"ADUROBIOTECH,INC_06_02_2020-EX-10.7-CONSULTING AGREEMENT(1).PDF",California
CENTRACKINTERNATIONALINC_10_29_1999-EX-10.3-WEB SITE HOSTING AGREEMENT.PDF,Florida
WEBHELPCOMINC_03_22_2000-EX-10.8-HOSTING AGREEMENT.PDF,California
DYNTEKINC_07_30_1999-EX-10-ONLINE HOSTING AGREEMENT.PDF,New York
REGANHOLDINGCORP_03_31_2008-EX-10-LICENSE AND HOSTING AGREEMENT.PDF,Georgia
BUFFALOWILDWINGSINC_06_05_1998-EX-10.3-FRANCHISE AGREEMENT.PDF,THE STATE IN WHICH THE FRANCHISED RESTAURANT IS LOCATED; THE UNITED STATES TRADEMARK ACT OF 1946
BONTONSTORESINC_04_20_2018-EX-99.3-AGENCY AGREEMENT.PDF,Delaware
"ATHENSBANCSHARESCORP_11_02_2009-EX-1.2-AGENCY AGREEMENT , 2009.PDF",New York
"XACCT Technologies, Inc.SUPPORT AND MAINTENANCE AGREEMENT.PDF",California
WELLSFARGOMORTGAGEBACKEDSECURITIES2006-6TRUST_05_11_2006-EX-10.3-Yield Maintenance Agreement.PDF,New York
ABILITYINC_06_15_2020-EX-4.25-SERVICES AGREEMENT.PDF,Israel
AULAMERICANUNITTRUST_04_24_2020-EX-99.8.77-SERVICING AGREEMENT.PDF,Delaware
CUROGROUPHOLDINGSCORP_05_04_2020-EX-10.3-SERVICING AGREEMENT.PDF,New York
BLACKSTONEGSOLONG-SHORTCREDITINCOMEFUND_05_11_2020-EX-99.(K)(1)-SERVICE AGREEMENT.PDF,New York
"OAKTREECAPITALGROUP,LLC_03_02_2020-EX-10.8-Services Agreement.PDF",Wales
"PAXMEDICA,INC_07_02_2020-EX-10.12-Master Service Agreement.PDF",Connecticut
MERITLIFEINSURANCECO_06_19_2020-EX-10.(XIV)-MASTER SERVICES AGREEMENT.PDF,Arizona
PFSFUNDS_06_26_2020-EX-99.H OTH MAT CONT-SERVICES AGREEMENT.PDF,Massachusetts
SCOUTCAMINC_05_12_2020-EX-10.22-SERVICES AGREEMENT.PDF,New York
TALCOTTRESOLUTIONLIFEINSURANCECO-SEPARATEACCOUNTTWELVE_04_30_2020-EX-99.8(L)-SERVICE AGREEMENT.PDF,Ohio
TRANSMONTAIGNEPARTNERSLLC_03_13_2020-EX-10.9-SERVICES AGREEMENT.PDF,Colorado
WPPPLC_04_30_2020-EX-4.28-SERVICE AGREEMENT.PDF,United Kingdom
BICYCLETHERAPEUTICSPLC_03_10_2020-EX-10.11-SERVICE AGREEMENT.PDF,United Kingdom
NYLIACVARIABLEANNUITYSEPARATEACCOUNTIII_04_10_2020-EX-99.8.KK-SERVICE AGREEMENT.PDF,Massachusetts
RISEEDUCATIONCAYMANLTD_04_17_2020-EX-4.23-SERVICE AGREEMENT.PDF,Beijing
OPERALTD_04_30_2020-EX-4.14-SERVICE AGREEMENT.PDF,India
"THERAVANCEBIOPHARMA,INC_05_08_2020-EX-10.2-SERVICE AGREEMENT.PDF",United Kingdom
DOMINIADVISORTRUST_02_18_2005-EX-99.(H)(2)-SPONSORSHIP AGREEMENT.PDF,Massachusetts
"CANOPETROLEUM,INC_12_13_2007-EX-10.1-Sponsorship Agreement.PDF",Texas
"HALITRON,INC_03_01_2005-EX-10.15-SPONSORSHIP AND DEVELOPMENT AGREEMENT.PDF",Arizona
GAINSCOINC_01_21_2010-EX-10.41-SPONSORSHIP AGREEMENT.PDF,Texas
"IPAYMENT,INC_05_14_2007-EX-10.1-SPONSORSHIP AGREEMENT.PDF",New York
LOOKSMARTLTD_07_20_2012-EX-99.(D)(I)-SPONSORSHIP AGREEMENT.PDF,New York
STAMPSCOMINC_06_24_1999-EX-10.18-SPONSORSHIP AGREEMENT.PDF,California
VIOLINMEMORYINC_12_12_2012-EX-10.14-SPONSORSHIP AGREEMENT.PDF,California
XYBERNAUTCORP_07_12_2002-EX-4-SPONSORSHIP AGREEMENT.PDF,Virginia
"CURAEGISTECHNOLOGIES,INC_05_26_2010-EX-1-CORPORATE SPONSORSHIP AGREEMENT.PDF",New York
DRKOOPCOMINC_04_21_1999-EX-10.28-SPONSORSHIP AGREEMENT.PDF,Delaware
GSVINC_05_15_1998-EX-10-SPONSORSHIP AGREEMENT.PDF,New York
IVILLAGEINC_03_17_1999-EX-10.16-SPONSORSHIP AGREEMENT.PDF,New York
LOGANSROADHOUSEINC_03_27_1998-EX-10.17-SPONSORSHIP AGREEMENT.PDF,Tennessee
MERCATAINC_03_09_2000-EX-10.21-SPONSORSHIP AGREEMENT.PDF,Washington
HYDRONTECHNOLOGIESINC_03_31_1997-EX-10.47-SPONSORSHIP AGREEMENT.PDF,Florida
N2KINC_10_16_1997-EX-10.16-SPONSORSHIP AGREEMENT.PDF,New York
VITAMINSHOPPECOMINC_09_13_1999-EX-10.26-SPONSORSHIP AGREEMENT.PDF,California
ASPIRITYHOLDINGSLLC_05_07_2012-EX-10.6-OUTSOURCING AGREEMENT.PDF,Minnesota
BNLFINANCIALCORP_03_30_2007-EX-10.8-OUTSOURCING AGREEMENT.PDF,Oklahoma
CCAINDUSTRIESINC_04_14_2014-EX-10.1-OUTSOURCING AGREEMENT.PDF,New Jersey
ELANDIAINTERNATIONALINC_04_25_2007-EX-10.21-Outsourcing Agreement.PDF,Papua New Guinea
NICELTD_06_26_2003-EX-4.5-OUTSOURCING AGREEMENT.PDF,Israel
SYKESHEALTHPLANSERVICESINC_04_24_1998-EX-10.14-OUTSOURCING AGREEMENT.PDF,Florida
TRICITYBANKSHARESCORP_05_15_1998-EX-10-OUTSOURCING AGREEMENT.PDF,Wisconsin
OFGBANCORP_03_28_2007-EX-10.23-OUTSOURCING AGREEMENT.PDF,New York
DRAGONSYSTEMSINC_01_08_1999-EX-10.17-OUTSOURCING AGREEMENT.PDF,Netherlands
HUBEIMINKANGPHARMACEUTICALLTD_09_19_2006-EX-10.1-OUTSOURCING AGREEMENT.PDF,Nevada
MANUFACTURERSSERVICESLTD_06_05_2000-EX-10.14-OUTSOURCING AGREEMENT.PDF,New York
NEXSTARFINANCEHOLDINGSINC_03_27_2002-EX-10.26-OUTSOURCING AGREEMENT.PDF,Maryland
"OASYSMOBILE,INC_07_05_2001-EX-10.17-OUTSOURCING AGREEMENT.PDF",California
ASIANDRAGONGROUPINC_08_11_2005-EX-10.5-Reseller Agreement.PDF,Canada
LOYALTYPOINTINC_11_16_2004-EX-10.2-RESELLER AGREEMENT.PDF,Missouri
MTITECHNOLOGYCORP_11_16_2004-EX-10.102-Reseller Agreement Premier Addendum.PDF,Colorado
"OMINTO,INC_03_29_2004-EX-10-RESELLER AGREEMENT.PDF",Florida
AzulSa_20170303_F-1A_EX-10.3_9943903_EX-10.3_Maintenance Agreement2.pdf,New York
AzulSa_20170303_F-1A_EX-10.3_9943903_EX-10.3_Maintenance Agreement1.pdf,New York
CardlyticsInc_20180112_S-1_EX-10.16_11002987_EX-10.16_Maintenance Agreement1.pdf,North Carolina
OLDAPIWIND-DOWNLTD_01_08_2016-EX-1.3-AGENCY AGREEMENT1.pdf,Ontario
MEDIWOUNDLTD_01_15_2014-EX-10.6-SUPPLY AGREEMENT.PDF,New York
SEASPINEHOLDINGSCORP_10_10_2018-EX-10.1-SUPPLY AGREEMENT.PDF,New Jersey
PROFOUNDMEDICALCORP_08_29_2019-EX-4.5-SUPPLY AGREEMENT.PDF,Netherlands
"GRIDIRONBIONUTRIENTS,INC_02_05_2020-EX-10.3-SUPPLY AGREEMENT.PDF",Colorado
"BELLICUMPHARMACEUTICALS,INC_05_07_2019-EX-10.1-Supply Agreement.PDF",New York
FLOTEKINDUSTRIESINCCN_05_09_2019-EX-10.1-SUPPLY AGREEMENT.PDF,Delaware
GRANTIERRAENERGYINC_05_07_2012-EX-10.6-TRANSPORTATION CONTRACT.PDF,Colombia
ATMOSENERGYCORP_11_22_2002-EX-10.17-TRANSPORTATION SERVICE AGREEMENT.PDF,Arkansas
DYNAMEXINC_06_06_1996-EX-10.4-TRANSPORTATION SERVICES AGREEMENT.PDF,Ontario
MPLXLP_06_17_2015-EX-10.1-TRANSPORTATION SERVICES AGREEMENT.PDF,Ohio
CHAPARRALRESOURCESINC_03_30_2000-EX-10.66-TRANSPORTATION CONTRACT.PDF,Kazakhstan
KENTUCKYUTILITIESCO_03_25_2003-EX-10.65-TRANSPORTATION AGREEMENT.PDF,Texas
TUNIUCORP_03_06_2014-EX-10-COOPERATION AGREEMENT.PDF,China
SENMIAOTECHNOLOGYLTD_02_19_2019-EX-10.5-Collaboration Agreement.PDF,China
"BERKELEYLIGHTS,INC_06_26_2020-EX-10.12-COLLABORATION AGREEMENT.PDF",Delaware
PREMIERBIOMEDICALINC_05_14_2020-EX-10.2-INTELLECTUAL PROPERTY AGREEMENT.PDF,Pennsylvania
"MIDDLEBROOKPHARMACEUTICALS,INC_03_18_2010-EX-10.1-PROMOTION AGREEMENT.PDF",North Carolina
"ASHWORTHINC_01_29_1999-EX-10.(D)-PROMOTION AGREEMENT AND NANTZ COMMUNICATIONS, INC..PDF",California
ON4COMMUNICATIONSINC_07_02_2009-EX-10.1-PROMOTION AGREEMENT.PDF,Ontario
"WHITESMOKE,INC_11_08_2011-EX-10.26-PROMOTION AND DISTRIBUTION AGREEMENT.PDF",United Kingdom
GOCALLINC_03_30_2000-EX-10.7-Promotion Agreement.PDF,California
ACCELERATEDTECHNOLOGIESHOLDINGCORP_04_24_2003-EX-10.13-JOINT VENTURE AGREEMENT.PDF,Pennsylvania
CHIPMOSTECHNOLOGIESBERMUDALTD_04_18_2016-EX-4.72-Strategic Alliance Agreement.PDF,Taiwan
"SIBANNAC,INC_12_04_2017-EX-2.1-Strategic Alliance Agreement.PDF",Texas
PLAYAHOTELS&RESORTSNV_03_14_2017-EX-10.22-STRATEGIC ALLIANCE AGREEMENT (Hyatt Ziva Cancun).PDF,Illinois
ALLISONTRANSMISSIONHOLDINGSINC_12_15_2014-EX-99.1-COOPERATION AGREEMENT.PDF,Delaware
XENCORINC_10_25_2013-EX-10.24-COLLABORATION AGREEMENT (3).PDF,New York
IMMUNOMEDICSINC_08_07_2019-EX-10.1-PROMOTION AGREEMENT.PDF,New York
IGENEBIOTECHNOLOGYINC_05_13_2003-EX-1-JOINT VENTURE AGREEMENT.PDF,Delaware
"MJBIOTECH,INC_12_06_2018-EX-99.01-JOINT VENTURE AGREEMENT.PDF",Florida
CYBERIANOUTPOSTINC_07_09_1998-EX-10.13-PROMOTION AGREEMENT.PDF,California
KINGPHARMACEUTICALSINC_08_09_2006-EX-10.1-PROMOTION AGREEMENT.PDF,New York
"KNOWLABS,INC_08_15_2005-EX-10-INTELLECTUAL PROPERTY AGREEMENT.PDF",Canada
"BABCOCK_WILCOXENTERPRISES,INC_08_04_2015-EX-10.17-INTELLECTUAL PROPERTY AGREEMENT between THE BABCOCK _ WILCOX COMPANY and BABCOCK _ WILCOX ENTERPRISES, INC..PDF",Delaware
PcquoteComInc_19990721_S-1A_EX-10.11_6377149_EX-10.11_Co-Branding Agreement1.pdf,Illinois
SoupmanInc_20150814_8-K_EX-10.1_9230148_EX-10.1_Franchise Agreement3.pdf,New York
SoupmanInc_20150814_8-K_EX-10.1_9230148_EX-10.1_Franchise Agreement1.pdf,New York
FEDERATEDGOVERNMENTINCOMESECURITIESINC_04_28_2020-EX-99.SERV AGREE-SERVICES AGREEMENT.PDF,Pennsylvania
FEDERATEDGOVERNMENTINCOMESECURITIESINC_04_28_2020-EX-99.SERV AGREE-SERVICES AGREEMENT_SECONDAMENDMENT.pdf,Pennsylvania
FEDERATEDGOVERNMENTINCOMESECURITIESINC_04_28_2020-EX-99.SERV AGREE-SERVICES AGREEMENT_POWEROF.pdf,Pennsylvania
FEDERATEDGOVERNMENTINCOMESECURITIESINC_04_28_2020-EX-99.SERV AGREE-SERVICES AGREEMENT_AMENDMENT.pdf,Pennsylvania
WESTERN COPPER - NON-COMPETITION AGREEMENT.PDF,British Columbia
"INNOVIVA,INC_08_07_2014-EX-10.1-COLLABORATION AGREEMENT.PDF",Delaware
"FOUNDATIONMEDICINE,INC_02_02_2015-EX-10.2-Collaboration Agreement.PDF",New York
"TRANSPHORM,INC_02_14_2020-EX-10.12(1)-JOINT VENTURE AGREEMENT.PDF",Japan
VALENCETECHNOLOGYINC_02_14_2003-EX-10-JOINT VENTURE CONTRACT.PDF,China
Quaker Chemical Corporation - NON COMPETITION AND NON SOLICITATION AGREEMENT.PDF,Pennsylvania
MOELIS&CO_03_24_2014-EX-10.19-STRATEGIC ALLIANCE AGREEMENT.PDF,New York
ENERGOUSCORP_03_16_2017-EX-10.24-STRATEGIC ALLIANCE AGREEMENT.PDF,California
"VEONEER,INC_02_21_2020-EX-10.11-JOINT VENTURE AGREEMENT.PDF",Japan
"KIROMICBIOPHARMA,INC_04_08_2020-EX-10.28-JOINT VENTURE AGREEMENT.PDF",Italy
IMPCOTECHNOLOGIESINC_04_15_2003-EX-10.65-JOINT VENTURE AGREEMENT.PDF,India
GULFSOUTHMEDICALSUPPLYINC_12_24_1997-EX-4-AFFILIATE AGREEMENT.PDF,Delaware
AFSALABANCORPINC_08_01_1996-EX-1.1-AGENCY AGREEMENT.PDF,District of Columbia
ALAMOGORDOFINANCIALCORP_12_16_1999-EX-1-AGENCY AGREEMENT.PDF,Kansas
ALLIANCEBANCORPINCOFPENNSYLVANIA_10_18_2006-EX-1.2-AGENCY AGREEMENT.PDF,New York
AMERICANPHYSICIANSCAPITALINC_03_31_2003-EX-10.26-AGENCY AGREEMENT.PDF,Nevada
BANUESTRAFINANCIALCORP_09_08_2006-EX-10.16-AGENCY AGREEMENT.PDF,Georgia
BIOPURECORP_06_30_1999-EX-10.13-AGENCY AGREEMENT.PDF,Massachusetts
"BLUEHILLSBANCORP,INC_05_20_2014-EX-1.1-AGENCY AGREEMENT.PDF",New York
"BLUEROCKRESIDENTIALGROWTHREIT,INC_06_01_2016-EX-1.1-AGENCY AGREEMENT.PDF",New York
AURASYSTEMSINC_06_16_2010-EX-10.25-STRATEGIC ALLIANCE AGREEMENT.PDF,California
CHERRYHILLMORTGAGEINVESTMENTCORP_09_26_2013-EX-10.1-Strategic Alliance Agreement.PDF,New York
ADAPTIMMUNETHERAPEUTICSPLC_04_06_2017-EX-10.11-STRATEGIC ALLIANCE AGREEMENT.PDF,Texas
"COOLTECHNOLOGIES,INC_10_25_2017-EX-10.71-Strategic Alliance Agreement.PDF",Missouri
"DUOSTECHNOLOGIESGROUP,INC_04_21_2009-EX-10.1-STRATEGIC ALLIANCE AGREEMENT.PDF",Florida
ENTRUSTINC_07_24_1998-EX-10.5-STRATEGIC ALLIANCE AGREEMENT.PDF,Ontario
"FTENETWORKS,INC_02_18_2016-EX-99.4-STRATEGIC ALLIANCE AGREEMENT.PDF",Texas
"GIGGLESN_HUGS,INC_06_23_2016-EX-10.2-STRATEGIC ALLIANCE AGREEMENT.PDF",California
GOLDRESOURCECORP_12_11_2008-EX-10.1-STRATEGIC ALLIANCE AGREEMENT.PDF,New York
ICORECONNECTINC_10_13_2010-EX-7.1-Strategic Alliance Agreement.PDF,New York
"INTELLIGENTHIGHWAYSOLUTIONS,INC_01_18_2018-EX-10.1-Strategic Alliance Agreement.PDF",Texas
INTRICONCORP_03_10_2009-EX-10.22-Strategic Alliance Agreement.PDF,Victoria
"IOVANCEBIOTHERAPEUTICS,INC_08_03_2017-EX-10.1-STRATEGIC ALLIANCE AGREEMENT.PDF",Texas
LIGHTBRIDGECORP_11_23_2015-EX-10.26-STRATEGIC ALLIANCE AGREEMENT.PDF,United Kingdom
PHLVARIABLEINSURANCECOCT_08_17_2009-EX-10.1-STRATEGIC ALLIANCE AGREEMENT.PDF,Connecticut
"PHREESIA,INC_05_28_2019-EX-10.18-STRATEGIC ALLIANCE AGREEMENT.PDF",Illinois
REWALKROBOTICSLTD_07_10_2014-EX-10.2-STRATEGIC ALLIANCE AGREEMENT.PDF,Israel
KALLOINC_11_03_2011-EX-10.1-STRATEGIC ALLIANCE AGREEMENT.PDF',Ontario
"ROCKYMOUNTAINCHOCOLATEFACTORY,INC_12_23_2019-EX-10.2-STRATEGIC ALLIANCE AGREEMENT.PDF",New York
"SUCAMPOPHARMACEUTICALS,INC_11_04_2015-EX-10.2-STRATEGIC ALLIANCE AGREEMENT.PDF",Japan
"TURNKEYCAPITAL,INC_07_20_2017-EX-1.1-Strategic Alliance Agreement.PDF",Florida
USASYNTHETICFUELCORP_10_21_2010-EX-10.10-STRATEGIC ALLIANCE AGREEMENT.PDF,New York
"WASTE2ENERGYHOLDINGS,INC_06_03_2010-EX-10.2-STRATEGIC ALLIANCE AGREEMENT.PDF",United Kingdom
"VIRTUALSCOPICS,INC_11_12_2010-EX-10.1-STRATEGIC ALLIANCE AGREEMENT.PDF",Delaware
ANIXABIOSCIENCESINC_06_09_2020-EX-10.1-COLLABORATION AGREEMENT.PDF,Delaware
BIOCEPTINC_08_19_2013-EX-10-COLLABORATION AGREEMENT.PDF,California
"CARDAX,INC_08_19_2014-EX-10.1-COLLABORATION AGREEMENT.PDF",New York
CHEETAHMOBILEINC_04_22_2014-EX-10.43-Cooperation Agreement.PDF,China
"ELFBEAUTY,INC_07_02_2020-EX-10.1-COOPERATION AGREEMENT.PDF",Delaware
FIBROGENINC_10_01_2014-EX-10.11-COLLABORATION AGREEMENT.PDF,California
"HC2HOLDINGS,INC_05_14_2020-EX-10.1-COOPERATION AGREEMENT.PDF",Delaware
HPILHOLDING_01_07_2015-EX-99.1-COOPERATION AGREEMENT.PDF,Nevada
LEJUHOLDINGSLTD_03_12_2014-EX-10.34-INTERNET CHANNEL COOPERATION AGREEMENT.PDF,China
"MEETGROUP,INC_06_29_2017-EX-10.1-COOPERATION AGREEMENT.PDF",Delaware
QIWI_06_16_2017-EX-99.(D)(2)-COOPERATION AGREEMENT.PDF,Wales
"SPOKHOLDINGS,INC_06_19_2020-EX-10.1-COOPERATION AGREEMENT.PDF",Delaware
STWRESOURCESHOLDINGCORP_08_06_2014-EX-10.1-COOPERATION AGREEMENT.PDF,Texas
URSCORPNEW_03_17_2014-EX-99-COOPERATION AGREEMENT.PDF,Delaware
"CERES,INC_01_25_2012-EX-10.20-Collaboration Agreement.PDF",New York
"FIDELITYNATIONALINFORMATIONSERVICES,INC_08_05_2009-EX-10.3-INTELLECTUAL PROPERTY AGREEMENT.PDF",Georgia
"ARMSTRONGFLOORING,INC_01_07_2019-EX-10.2-INTELLECTUAL PROPERTY AGREEMENT.PDF",Delaware
"GSITECHNOLOGYINC_11_16_2009-EX-10.2-INTELLECTUAL PROPERTY AGREEMENT between SONY ELECTRONICS INC. and GSI TECHNOLOGY, INC..PDF",California
"HERTZGLOBALHOLDINGS,INC_07_07_2016-EX-10.4-INTELLECTUAL PROPERTY AGREEMENT.PDF",New York
JINGWEIINTERNATIONALLTD_10_04_2007-EX-10.7-INTELLECTUAL PROPERTY AGREEMENT.PDF,China
MSCIINC_02_28_2008-EX-10.10-.PDF,New York
"OTISWORLDWIDECORP_04_03_2020-EX-10.4-INTELLECTUAL PROPERTY AGREEMENT by and among UNITED TECHNOLOGIES CORPORATION, OTIS WORLDWIDE CORPORATION and CARRIER ~1.PDF",Delaware
VERSOTECHNOLOGIESINC_12_28_2007-EX-99.3-INTELLECTUAL PROPERTY AGREEMENT.PDF,Georgia
ZEBRATECHNOLOGIESCORP_04_16_2014-EX-10.1-INTELLECTUAL PROPERTY AGREEMENT.PDF,Delaware
AIRSPANNETWORKSINC_04_11_2000-EX-10.5-Distributor Agreement.PDF,South Dakota
ACCURAYINC_09_01_2010-EX-10.31-DISTRIBUTOR AGREEMENT.PDF,Germany
BLACKBOXSTOCKSINC_08_05_2014-EX-10.1-DISTRIBUTOR AGREEMENT.PDF,Texas
ENTERTAINMENTGAMINGASIAINC_02_15_2005-EX-10.5-DISTRIBUTOR AGREEMENT.PDF,Ontario
"ETELOS,INC_03_09_2004-EX-10.8-DISTRIBUTOR AGREEMENT.PDF",California
EUROPEANMICROHOLDINGSINC_03_06_1998-EX-10.6-DISTRIBUTOR AGREEMENT.PDF,Washington
HYPERIONSOFTWARECORP_09_28_1994-EX-10.47-EXCLUSIVE DISTRIBUTOR AGREEMENT.PDF,Connecticut
"LEGACYTECHNOLOGYHOLDINGS,INC_12_09_2005-EX-10.2-DISTRIBUTOR AGREEMENT.PDF",Colorado
LUCIDINC_04_15_2011-EX-10.9-DISTRIBUTOR AGREEMENT.PDF,New York
LIMEENERGYCO_09_09_1999-EX-10-DISTRIBUTOR AGREEMENT.PDF,Illinois
NEOMEDIATECHNOLOGIESINC_12_15_2005-EX-16.1-DISTRIBUTOR AGREEMENT.PDF,China
NANOPHASETECHNOLOGIESCORP_11_01_2005-EX-99.1-DISTRIBUTOR AGREEMENT.PDF,Delaware
"OPTIMIZEDTRANSPORTATIONMANAGEMENT,INC_07_26_2000-EX-6.6-DISTRIBUTOR AGREEMENT.PDF",Texas
"VISIUMTECHNOLOGIES,INC_10_20_2004-EX-10.20-DISTRIBUTOR AGREEMENT.PDF",New Jersey
ENERGYXXILTD_05_08_2015-EX-10.13-Transportation AGREEMENT.PDF,Texas
ENTERPRISEPRODUCTSPARTNERSLP_07_08_1998-EX-10.3-TRANSPORTATION CONTRACT.PDF,Texas
MARTINMIDSTREAMPARTNERSLP_01_23_2004-EX-10.3-TRANSPORTATION SERVICES AGREEMENT.PDF,Texas
ADAMSGOLFINC_03_21_2005-EX-10.17-ENDORSEMENT AGREEMENT.PDF,Kansas
AMBASSADOREYEWEARGROUPINC_11_17_1997-EX-10.28-ENDORSEMENT AGREEMENT.PDF,California
HOLIDAYRVSUPERSTORESINC_04_15_2002-EX-10.13-ENDORSEMENT AGREEMENT.PDF,California
"MARSHALLHOLDINGSINTERNATIONAL,INC_04_14_2004-EX-10.15-ENDORSEMENT AGREEMENT.PDF",Nevada
MOVADOGROUPINC_04_30_2003-EX-10.28-ENDORSEMENT AGREEMENT.PDF,New York
MOSSIMOINC_04_14_2000-EX-10.14-ENDORSEMENT AGREEMENT.PDF,Ohio
SPORTHALEYINC_09_29_1997-EX-10.2-10-ENDORSEMENT AGREEMENT.PDF,Colorado
TEARDROPGOLFCO_10_23_1996-EX-10.12-ENDORSEMENT AGREEMENT.PDF,Virginia
WARNINGMANAGEMENTSERVICESINC_12_10_1999-EX-10-ENDORSEMENT AGREEMENT.PDF,Tennessee
"Array BioPharma Inc. - LICENSE, DEVELOPMENT AND COMMERCIALIZATION AGREEMENT.PDF",New York
Microgenics Corporation - Collaborative Development and Commercialization Agreement.PDF,Delaware
WARNERCHILCOTTPLC_12_31_2003-EX-4.36-DEVELOPMENT AGREEMENT.PDF,New York
TRUENORTHENERGYCORP_02_08_2007-EX-10.1-DEVELOPMENT AGREEMENT.PDF,Louisiana
AIRTECHINTERNATIONALGROUPINC_05_08_2000-EX-10.4-FRANCHISE AGREEMENT.PDF,Texas
"HOSPITALITYINVESTORSTRUST,INC_04_07_2014-EX-10.26-FRANCHISE AGREEMENT.PDF",New York
INTERNATIONALFASTFOODCORP_04_04_1997-EX-99-FRANCHISE AGREEMENT.PDF,Florida
"GOOSEHEADINSURANCE,INC_04_02_2018-EX-10.6-Franchise Agreement.PDF",Texas
JOINTCORP_09_19_2014-EX-10.15-FRANCHISE AGREEMENT.PDF,Arizona
AMERICASSHOPPINGMALLINC_12_10_1999-EX-10.2-SITE DEVELOPMENT AND HOSTING AGREEMENT.PDF,New York
BLUEFLYINC_03_27_2002-EX-10.27-e-business Hosting Agreement.PDF,New York
BEYONDCOMCORP_08_03_2000-EX-10.2-CO-HOSTING AGREEMENT.PDF,California
BNCMORTGAGEINC_05_17_1999-EX-10.4-LICENSING AND WEB SITE HOSTING AGREEMENT.PDF,California
BOLIVARMININGCORP_05_23_2003-EX-2.1-VISP WEB SITE BUILDING AND HOSTING AGREEMENT.PDF,New York
CORIOINC_07_20_2000-EX-10.5-LICENSE AND HOSTING AGREEMENT.PDF,California
CHANGEPOINTCORP_03_08_2000-EX-10.6-LICENSE AND HOSTING AGREEMENT.PDF,California
INKTOMICORP_06_08_1998-EX-10.14-SOFTWARE HOSTING AGREEMENT.PDF,Washington
"Antares Pharma, Inc. - Manufacturing Agreement.PDF",New York
Apollo Endosurgery - Manufacturing and Supply Agreement.PDF,Texas
"Columbia Laboratories, (Bermuda) Ltd. - AMEND NO. 2 TO MANUFACTURING AND SUPPLY AGREEMENT.PDF",United Kingdom
ELECTRAMECCANICA VEHICLES CORP. - Manufacturing Agreement .PDF,Hong Kong
"Magenta Therapeutics, Inc. - Master Development and Manufacturing Agreement.PDF",New York
"Sonos, Inc. - Manufacturing Agreement .PDF",California
"VAPOTHERM, INC. - Manufacturing and Supply Agreement.PDF",New York
"ON2TECHNOLOGIES,INC_11_17_2006-EX-10.3-SUPPORT AND MAINTENANCE AGREEMENT.PDF",New York
PRIMEENERGYRESOURCESCORP_04_02_2007-EX-10.28-COMPLETION AND LIQUIDITY MAINTENANCE AGREEMENT.PDF,Texas
SANDRIDGEENERGYINC_08_06_2009-EX-10.6-OPERATIONS AND MAINTENANCE AGREEMENT.PDF,Texas
SEPARATEACCOUNTIIOFAGL_05_02_2011-EX-99.(J)(4)-UNCONDITIONAL CAPITAL MAINTENANCE AGREEMENT.PDF,New York
SFGFINANCIALCORP_05_12_2009-EX-10.1-SOFTWARE LICENSE AND MAINTENANCE AGREEMENT.PDF,New York
SPARKLINGSPRINGWATERHOLDINGSLTD_07_03_2002-EX-10.13-SOFTWARE LICENSE AND MAINTENANCE AGREEMENT.PDF,Nova Scotia
SMITHELECTRICVEHICLESCORP_04_04_2012-EX-10.26-FLEET MAINTENANCE AGREEMENT.PDF,Wales
"SPIENERGYCO,LTD_03_09_2011-EX-99.5-OPERATIONS AND MAINTENANCE AGREEMENT.PDF",California
STARTECGLOBALCOMMUNICATIONSCORP_11_16_1998-EX-10.30-CONSTRUCTION AND MAINTENANCE AGREEMENT.PDF,Switzerland
SUNTRONCORP_05_17_2006-EX-10.22-MAINTENANCE AGREEMENT.PDF,Minnesota
SUMMAFOURINC_06_19_1998-EX-10.3-SOFTWARE LICENSE AND MAINTENANCE AGREEMENT.PDF,New York
TELKOMSALTD_01_30_2003-EX-10-LICENCE AND MAINTENANCE AGREEMENT.PDF,South Africa
TRIZETTOGROUPINC_08_18_1999-EX-10.17-TECHNICAL INFRASTRUCTURE MAINTENANCE AGREEMENT.PDF,Indiana
UAGHINC_04_14_2004-EX-10.18-MAINTENANCE AGREEMENT.PDF,Delaware
VARIABLESEPARATEACCOUNT_04_30_2014-EX-13.C-UNCONDITIONAL CAPITAL MAINTENANCE AGREEMENT.PDF,New York
VERTEXENERGYINC_08_14_2014-EX-10.24-OPERATION AND MAINTENANCE AGREEMENT.PDF,Delaware
VERTICALNETINC_04_01_2002-EX-10.19-MAINTENANCE AND SUPPORT AGREEMENT.PDF,Pennsylvania
"GWG HOLDINGS, INC. - ORDERLY MARKETING AGREEMENT.PDF",New York
"HEMISPHERX - Sales, Marketing, Distribution, and Supply Agreement.PDF",Delaware
Monsanto Company - SECOND A&R EXCLUSIVE AGENCY AND MARKETING AGREEMENT .PDF,Delaware
LECLANCHEÃÅ S.A. - JOINT DEVELOPMENT AND MARKETING AGREEMENT.PDF,Switzerland
"Loop Industries, Inc. - Marketing Agreement.PDF",Delaware
NUVEEN - REMARKETING AGREEMENT.PDF,New York
"MetLife, Inc. - Remarketing Agreement.PDF",New York
"PACIRA PHARMACEUTICALS, INC. - A&R STRATEGIC LICENSING, DISTRIBUTION AND MARKETING AGREEMENT .PDF",New York
Principal Life Insurance Company - Broker Dealer Marketing and Servicing Agreement .PDF,Iowa
"Reinsurance Group of America, Incorporated - A&R REMARKETING  AGREEMENT.PDF",New York
"SightLife Surgical, Inc. - STRATEGIC SALES & MARKETING AGREEMENT.PDF",California
"Zounds Hearing, Inc. - MANUFACTURING DESIGN MARKETING AGREEMENT.PDF",Arizona
NATIONALPROCESSINGINC_07_18_1996-EX-10.4-SPONSORSHIP AGREEMENT.PDF,Kentucky
PACIFICSYSTEMSCONTROLTECHNOLOGYINC_08_24_2000-EX-10.53-SPONSORSHIP AGREEMENT.PDF,California
PROLONGINTERNATIONALCORP_03_23_1998-EX-10.16-SPONSORSHIP AGREEMENT.PDF,North Carolina
NETGROCERINC_07_31_1998-EX-10.15-SPONSORSHIP AGREEMENT.PDF,California
SONUSCORP_03_12_1997-EX-10.11-SPONSORSHIP AGREEMENT.PDF,Canada
RUBIOSRESTAURANTSINC_03_31_2008-EX-10.75-SPONSORSHIP AGREEMENT.PDF,California
TICKETSCOMINC_06_22_1999-EX-10.22-SPONSORSHIP AGREEMENT.PDF,California
"VNUE,INC_07_10_2015-EX-10.1-SPONSORSHIP AGREEMENT.PDF",California
"ADIANUTRITION,INC_04_01_2005-EX-10.D2-RESELLER AGREEMENT.PDF",California
DIVERSINETCORP_03_01_2012-EX-4-RESELLER AGREEMENT.PDF,Ontario
WORLDWIDESTRATEGIESINC_11_02_2005-EX-10-RESELLER AGREEMENT.PDF,Colorado
"BELLRINGBRANDS,INC_02_07_2020-EX-10.18-MASTER SUPPLY AGREEMENT.PDF",Delaware
BIOFRONTERAAG_04_29_2019-EX-4.17-SUPPLY AGREEMENT.PDF,New York
"INTERSECTENT,INC_05_11_2020-EX-10.1-SUPPLY AGREEMENT.PDF",New York
ULTRAGENYXPHARMACEUTICALINC_12_23_2013-EX-10.9-SUPPLY AGREEMENT.PDF,Germany
"VAXCYTE,INC_05_22_2020-EX-10.19-SUPPLY AGREEMENT.PDF",California
VERICELCORP_08_06_2019-EX-10.10-SUPPLY AGREEMENT.PDF,New York
HEALTHGATEDATACORP_11_24_1999-EX-10.1-HOSTING AND MANAGEMENT AGREEMENT - Escrow Agreement.pdf,Wales
HEALTHGATEDATACORP_11_24_1999-EX-10.1-HOSTING AND MANAGEMENT AGREEMENT (1).pdf,Wales
BIOAMBERINC_04_10_2013-EX-10.34-DEVELOPMENT AGREEMENT (1).pdf,Minnesota
"NETGEAR,INC_04_21_2003-EX-10.16-DISTRIBUTOR AGREEMENT.pdf",California
NEONSYSTEMSINC_03_01_1999-EX-10.5-DISTRIBUTOR AGREEMENT_New.pdf,Texas
WOMENSGOLFUNLIMITEDINC_03_29_2000-EX-10.13-ENDORSEMENT AGREEMENT.PDF,New Jersey
"KUBIENT,INC_07_02_2020-EX-10.14-MASTER SERVICES AGREEMENT_Part1.pdf",Delaware
